HALAL,HARAM,VEGAN,VEGETARIAN
Prawns,Beer,Black Beans,Paneer
E322 (Halal Soy Lecithin),Ethanol,Stevia Extract,Cottage Cheese
Calcium Lactate,Wine,Bamboo Fiber,Provolone
Lecithin,Porcine Pepsin,Pumpkin Seeds,Milk Derivatives
Vegetable Glycerin,E1510 (Ethanol),Rice Milk,Milk Fat
Beta-Carotene,Wine Vinegar,Coconut Sugar,Egg Albumin
Turkey,Rum,Almond Milk,Whey Powder
Bovine Gelatin,Whiskey,Chia Seeds,Mozzarella
Quail,Rum Flavor,Sunflower Seeds,Lactose
Sunflower Lecithin,E441 (Pork Gelatin),Guar Gum,Albumin
Lamb,Brandy Flavoring,Barley,Monterey Jack
Guar Gum,Porcine Enzymes,Lentils,Parmesan
Citric Acid,Beef Tallow (Non-Halal),Mung Bean Protein,Vegetarian Rennet
Fish,"E631 (Disodium Inosinate, Animal-Derived)",Spirulina,Cheddar
Hydrolyzed Fish Protein,Animal Fat,Chickpeas,Cream Powder
Calcium Carbonate,L-Cysteine (Animal-Derived),Beet Powder,Acid Whey
Soy Flour,E904 (Shellac),Potato Protein,Caseinate
Pectin,"E120 (Carmine, Insect-Derived)",Quinoa,Egg Lecithin
Beef,Beer Extract,Coconut Milk,Swiss Cheese
Xanthan Gum,Porcine Rennet,Corn Starch,Milk Chocolate
Natural Flavors,Pork Stock,Farro,Eggs
Goat,Isinglass,Tapioca Fiber,Butter
Tapioca Starch,Gelatin,Locust Bean Gum,Ricotta
Maltodextrin (Halal),Ham,Tofu,Condensed Milk
E471 (Halal Mono- and Diglycerides),Pork Fat,Nutritional Yeast,Buttermilk
Yeast Extract,Rennet (Animal Source),Spelt,Lactose Powder
Rice Starch,E542 (Bone Phosphate),E903 (Carnauba Wax),Blue Cheese
Soy Lecithin (Halal Certified),Lard Shortening,Tempeh,Milk
Modified Corn Starch,Glycerin (Non-Halal),Soy Protein Isolate,Ghee
Collagen Peptides,Lard,Kidney Beans,Lactic Acid (Dairy)
Turmeric Extract,Cochineal Extract,Agar Agar,Brie
Sorbitol,Carmine,E440 (Pectin),Evaporated Milk
Casein (Halal Source),Animal Shortening,Chicory Root Fiber,Honey
Crab,Bacon,Jackfruit,Yogurt
Monocalcium Phosphate,Vodka,Vegan Cheese,Whipped Cream
Shrimp,Meat Extract,Cashew Milk,"E322 (Lecithin, Egg-Derived)"
Lactic Acid (Halal Source),Porcine Lipase,Flaxseeds,Colby
Malt Extract,Pork,Pea Protein,Cheese
Whey Protein Isolate (Halal),Shellac,Vegan Butter,Camembert
Duck,Gelatin Hydrolysate,Mushrooms,Custard
Chicken,"E901 (Beeswax, Non-Vegan)",Coconut Yogurt,Honey Powder
Dextrose,Rum Flavor,Carob Powder,Cream
Oysters,Animal Fat,Oat Milk,Sweet Whey
Gellan Gum,Meat Extract,Bulgur,Sour Cream
Yeast Extract,Rum Flavor,Hemp Seeds,"E101 (Riboflavin, Dairy Source)"
Turmeric Extract,Beer Extract,Seitan,Sodium Caseinate
Turmeric Extract,Beef Tallow (Non-Halal),Bamboo Fiber,Feta
Turmeric Extract,Animal Fat,Beet Powder,Gorgonzola
Beta-Carotene,Brandy Flavoring,Coconut Sugar,Cream Powder
Yeast Extract,Pork Stock,Spirulina,Milk Derivatives
Dextrose,Gelatin Hydrolysate,Mung Bean Protein,Sodium Caseinate
Sorbitol,Lard Shortening,Beet Powder,Cream Powder
Dextrose,Meat Extract,Potato Protein,Whey Powder
Vegetable Glycerin,Beer Extract,Coconut Sugar,Lactose Powder
Calcium Lactate,Wine Vinegar,Chicory Root Fiber,Whey Powder
Soy Flour,Rum Flavor,Corn Starch,Lactic Acid (Dairy)
Yeast Extract,Rum Flavor,Potato Protein,Egg Lecithin
Calcium Lactate,Beef Tallow (Non-Halal),Stevia Extract,Honey Powder
Yeast Extract,Lard Shortening,Coconut Sugar,Cream Powder
Dextrose,Meat Extract,Agar Agar,Honey Powder
Natural Flavors,Beef Tallow (Non-Halal),Tapioca Fiber,Egg Albumin
Vegetable Glycerin,Wine Vinegar,Corn Starch,Whey Powder
Rice Starch,Lard Shortening,Corn Starch,Milk Derivatives
Lecithin,Gelatin Hydrolysate,Bamboo Fiber,Vegetarian Rennet
Malt Extract,Beer Extract,Chicory Root Fiber,Whey Powder
Vegetable Glycerin,Lard Shortening,Agar Agar,Cream Powder
Vegetable Glycerin,Pork Stock,Spirulina,Vegetarian Rennet
Soy Flour,Brandy Flavoring,Spirulina,Sweet Whey
Dextrose,Lard Shortening,Potato Protein,Sodium Caseinate
Lecithin,Brandy Flavoring,Tapioca Fiber,Lactic Acid (Dairy)
Sorbitol,Beef Tallow (Non-Halal),Beet Powder,Honey Powder
Malt Extract,Gelatin Hydrolysate,Tapioca Fiber,Lactic Acid (Dairy)
Malt Extract,Beef Tallow (Non-Halal),Beet Powder,Egg Lecithin
Dextrose,Pork Stock,Potato Protein,Whey Powder
Vegetable Glycerin,Beef Tallow (Non-Halal),Spirulina,Egg Albumin
Calcium Lactate,Brandy Flavoring,Stevia Extract,Honey Powder
Calcium Lactate,Animal Fat,Guar Gum,Whey Powder
Soy Flour,Meat Extract,Chicory Root Fiber,Milk Derivatives
Malt Extract,Gelatin Hydrolysate,Chicory Root Fiber,Vegetarian Rennet
Rice Starch,Lard Shortening,Guar Gum,Lactose Powder
Beta-Carotene,Pork Stock,Guar Gum,Egg Lecithin
Lecithin,Meat Extract,Agar Agar,Lactic Acid (Dairy)
Yeast Extract,Gelatin Hydrolysate,Potato Protein,Vegetarian Rennet
Beta-Carotene,Brandy Flavoring,Chicory Root Fiber,Whey Powder
Soy Flour,Wine Vinegar,Guar Gum,Honey Powder
Natural Flavors,Wine Vinegar,Coconut Sugar,Honey Powder
Sorbitol,Pork Stock,Corn Starch,Honey Powder
Malt Extract,Brandy Flavoring,Agar Agar,Sweet Whey
Turmeric Extract,Rum Flavor,Chicory Root Fiber,Egg Albumin
Soy Flour,Meat Extract,Spirulina,Sodium Caseinate
Vegetable Glycerin,Meat Extract,Potato Protein,Cream Powder
Malt Extract,Animal Fat,Beet Powder,Lactic Acid (Dairy)
Beta-Carotene,Gelatin Hydrolysate,Corn Starch,Vegetarian Rennet
Yeast Extract,Animal Fat,Agar Agar,Lactic Acid (Dairy)
Yeast Extract,Brandy Flavoring,Chicory Root Fiber,Cream Powder
Beta-Carotene,Animal Fat,Guar Gum,Lactic Acid (Dairy)
Vegetable Glycerin,Lard Shortening,Mung Bean Protein,Cream Powder
Lecithin,Wine Vinegar,Bamboo Fiber,Honey Powder
Calcium Lactate,Rum Flavor,Spirulina,Lactic Acid (Dairy)
Calcium Lactate,Rum Flavor,Mung Bean Protein,Honey Powder
Sorbitol,Meat Extract,Corn Starch,Sodium Caseinate
Sorbitol,Gelatin Hydrolysate,Mung Bean Protein,Egg Lecithin
Calcium Lactate,Brandy Flavoring,Mung Bean Protein,Sodium Caseinate
Lecithin,Gelatin Hydrolysate,Mung Bean Protein,Whey Powder
Rice Starch,Gelatin Hydrolysate,Guar Gum,Lactic Acid (Dairy)
Rice Starch,Beer Extract,Chicory Root Fiber,Lactic Acid (Dairy)
Turmeric Extract,Gelatin Hydrolysate,Guar Gum,Lactic Acid (Dairy)
Turmeric Extract,Rum Flavor,Potato Protein,Whey Powder
Beta-Carotene,Brandy Flavoring,Potato Protein,Lactic Acid (Dairy)
Rice Starch,Gelatin Hydrolysate,Guar Gum,Sodium Caseinate
Dextrose,Brandy Flavoring,Chicory Root Fiber,Honey Powder
Dextrose,Meat Extract,Corn Starch,Egg Albumin
Rice Starch,Brandy Flavoring,Mung Bean Protein,Lactose Powder
Beta-Carotene,Beef Tallow (Non-Halal),Guar Gum,Lactose Powder
Beta-Carotene,Meat Extract,Beet Powder,Egg Lecithin
Yeast Extract,Lard Shortening,Tapioca Fiber,Sweet Whey
Rice Starch,Gelatin Hydrolysate,Mung Bean Protein,Vegetarian Rennet
Sorbitol,Brandy Flavoring,Tapioca Fiber,Sweet Whey
Yeast Extract,Gelatin Hydrolysate,Spirulina,Vegetarian Rennet
Dextrose,Beef Tallow (Non-Halal),Stevia Extract,Whey Powder
Vegetable Glycerin,Lard Shortening,Guar Gum,Lactic Acid (Dairy)
Calcium Lactate,Meat Extract,Chicory Root Fiber,Whey Powder
Rice Starch,Gelatin Hydrolysate,Stevia Extract,Lactose Powder
Rice Starch,Pork Stock,Beet Powder,Sodium Caseinate
Dextrose,Gelatin Hydrolysate,Tapioca Fiber,Cream Powder
Malt Extract,Brandy Flavoring,Guar Gum,Sweet Whey
Sorbitol,Brandy Flavoring,Bamboo Fiber,Lactose Powder
Dextrose,Beef Tallow (Non-Halal),Coconut Sugar,Egg Lecithin
Beta-Carotene,Beer Extract,Corn Starch,Honey Powder
Lecithin,Gelatin Hydrolysate,Coconut Sugar,Milk Derivatives
Malt Extract,Pork Stock,Corn Starch,Sodium Caseinate
Malt Extract,Beef Tallow (Non-Halal),Spirulina,Vegetarian Rennet
Malt Extract,Pork Stock,Mung Bean Protein,Cream Powder
Sorbitol,Pork Stock,Potato Protein,Milk Derivatives
Sorbitol,Beef Tallow (Non-Halal),Coconut Sugar,Vegetarian Rennet
Natural Flavors,Wine Vinegar,Coconut Sugar,Lactic Acid (Dairy)
Rice Starch,Wine Vinegar,Potato Protein,Sodium Caseinate
Soy Flour,Rum Flavor,Coconut Sugar,Sweet Whey
Yeast Extract,Animal Fat,Guar Gum,Lactic Acid (Dairy)
Beta-Carotene,Brandy Flavoring,Bamboo Fiber,Sweet Whey
Sorbitol,Beef Tallow (Non-Halal),Tapioca Fiber,Lactic Acid (Dairy)
Soy Flour,Beef Tallow (Non-Halal),Beet Powder,Cream Powder
Calcium Lactate,Brandy Flavoring,Bamboo Fiber,Honey Powder
Beta-Carotene,Animal Fat,Bamboo Fiber,Honey Powder
Beta-Carotene,Meat Extract,Coconut Sugar,Sweet Whey
Calcium Lactate,Pork Stock,Stevia Extract,Sodium Caseinate
Sorbitol,Wine Vinegar,Coconut Sugar,Lactose Powder
Malt Extract,Wine Vinegar,Tapioca Fiber,Vegetarian Rennet
Turmeric Extract,Animal Fat,Beet Powder,Vegetarian Rennet
Rice Starch,Lard Shortening,Potato Protein,Cream Powder
Lecithin,Beef Tallow (Non-Halal),Tapioca Fiber,Cream Powder
Vegetable Glycerin,Wine Vinegar,Spirulina,Egg Lecithin
Sorbitol,Rum Flavor,Agar Agar,Egg Albumin
Malt Extract,Beef Tallow (Non-Halal),Bamboo Fiber,Egg Albumin
Calcium Lactate,Rum Flavor,Agar Agar,Vegetarian Rennet
Soy Flour,Gelatin Hydrolysate,Spirulina,Vegetarian Rennet
Dextrose,Wine Vinegar,Bamboo Fiber,Sodium Caseinate
Dextrose,Pork Stock,Agar Agar,Milk Derivatives
Sorbitol,Lard Shortening,Guar Gum,Lactose Powder
Beta-Carotene,Beer Extract,Agar Agar,Vegetarian Rennet
Beta-Carotene,Wine Vinegar,Stevia Extract,Egg Lecithin
Rice Starch,Animal Fat,Agar Agar,Whey Powder
Rice Starch,Animal Fat,Chicory Root Fiber,Cream Powder
Vegetable Glycerin,Beef Tallow (Non-Halal),Coconut Sugar,Milk Derivatives
Natural Flavors,Gelatin Hydrolysate,Agar Agar,Egg Albumin
Lecithin,Gelatin Hydrolysate,Beet Powder,Egg Albumin
Lecithin,Animal Fat,Beet Powder,Sweet Whey
Dextrose,Gelatin Hydrolysate,Mung Bean Protein,Milk Derivatives
Vegetable Glycerin,Lard Shortening,Tapioca Fiber,Lactic Acid (Dairy)
Malt Extract,Wine Vinegar,Guar Gum,Egg Albumin
Lecithin,Pork Stock,Mung Bean Protein,Sodium Caseinate
Turmeric Extract,Pork Stock,Stevia Extract,Egg Lecithin
Yeast Extract,Rum Flavor,Mung Bean Protein,Honey Powder
Sorbitol,Meat Extract,Tapioca Fiber,Egg Lecithin
Yeast Extract,Beer Extract,Spirulina,Sweet Whey
Dextrose,Brandy Flavoring,Guar Gum,Honey Powder
Soy Flour,Rum Flavor,Bamboo Fiber,Egg Albumin
Dextrose,Lard Shortening,Bamboo Fiber,Milk Derivatives
Turmeric Extract,Beer Extract,Beet Powder,Vegetarian Rennet
Soy Flour,Pork Stock,Corn Starch,Sodium Caseinate
Soy Flour,Pork Stock,Mung Bean Protein,Lactic Acid (Dairy)
Beta-Carotene,Meat Extract,Mung Bean Protein,Whey Powder
Soy Flour,Lard Shortening,Coconut Sugar,Whey Powder
Natural Flavors,Beef Tallow (Non-Halal),Mung Bean Protein,Honey Powder
Sorbitol,Rum Flavor,Spirulina,Sodium Caseinate
Malt Extract,Brandy Flavoring,Beet Powder,Whey Powder
Yeast Extract,Beer Extract,Chicory Root Fiber,Vegetarian Rennet
Calcium Lactate,Pork Stock,Stevia Extract,Sweet Whey
Yeast Extract,Animal Fat,Spirulina,Whey Powder
Vegetable Glycerin,Brandy Flavoring,Coconut Sugar,Lactic Acid (Dairy)
Beta-Carotene,Meat Extract,Stevia Extract,Cream Powder
Calcium Lactate,Meat Extract,Potato Protein,Whey Powder
Yeast Extract,Beef Tallow (Non-Halal),Stevia Extract,Egg Lecithin
Natural Flavors,Animal Fat,Coconut Sugar,Egg Lecithin
Malt Extract,Beer Extract,Stevia Extract,Milk Derivatives
Dextrose,Lard Shortening,Spirulina,Lactic Acid (Dairy)
Vegetable Glycerin,Meat Extract,Guar Gum,Honey Powder
Yeast Extract,Pork Stock,Bamboo Fiber,Whey Powder
Beta-Carotene,Meat Extract,Mung Bean Protein,Vegetarian Rennet
Natural Flavors,Animal Fat,Bamboo Fiber,Egg Albumin
Natural Flavors,Animal Fat,Corn Starch,Egg Albumin
Dextrose,Wine Vinegar,Spirulina,Honey Powder
Dextrose,Lard Shortening,Guar Gum,Sodium Caseinate
Malt Extract,Pork Stock,Beet Powder,Whey Powder
Dextrose,Meat Extract,Agar Agar,Sodium Caseinate
Yeast Extract,Animal Fat,Corn Starch,Honey Powder
Yeast Extract,Beef Tallow (Non-Halal),Corn Starch,Lactic Acid (Dairy)
Calcium Lactate,Lard Shortening,Corn Starch,Milk Derivatives
Beta-Carotene,Beer Extract,Tapioca Fiber,Egg Lecithin
Beta-Carotene,Gelatin Hydrolysate,Coconut Sugar,Vegetarian Rennet
Sorbitol,Animal Fat,Mung Bean Protein,Milk Derivatives
Beta-Carotene,Meat Extract,Agar Agar,Egg Lecithin
Lecithin,Pork Stock,Agar Agar,Lactose Powder
Turmeric Extract,Animal Fat,Chicory Root Fiber,Milk Derivatives
Lecithin,Gelatin Hydrolysate,Bamboo Fiber,Lactose Powder
Soy Flour,Brandy Flavoring,Spirulina,Lactic Acid (Dairy)
Turmeric Extract,Lard Shortening,Stevia Extract,Egg Lecithin
Vegetable Glycerin,Rum Flavor,Spirulina,Egg Albumin
Rice Starch,Pork Stock,Guar Gum,Sweet Whey
Lecithin,Meat Extract,Stevia Extract,Sweet Whey
Calcium Lactate,Lard Shortening,Mung Bean Protein,Egg Albumin
Vegetable Glycerin,Pork Stock,Beet Powder,Milk Derivatives
Yeast Extract,Gelatin Hydrolysate,Corn Starch,Sodium Caseinate
Lecithin,Beer Extract,Potato Protein,Lactose Powder
Soy Flour,Rum Flavor,Tapioca Fiber,Whey Powder
Beta-Carotene,Rum Flavor,Agar Agar,Egg Lecithin
Natural Flavors,Rum Flavor,Mung Bean Protein,Honey Powder
Soy Flour,Gelatin Hydrolysate,Corn Starch,Egg Albumin
Calcium Lactate,Beer Extract,Coconut Sugar,Milk Derivatives
Turmeric Extract,Beef Tallow (Non-Halal),Bamboo Fiber,Sweet Whey
Sorbitol,Rum Flavor,Agar Agar,Egg Lecithin
Calcium Lactate,Brandy Flavoring,Spirulina,Sweet Whey
Rice Starch,Wine Vinegar,Bamboo Fiber,Honey Powder
Dextrose,Beer Extract,Tapioca Fiber,Cream Powder
Beta-Carotene,Beer Extract,Stevia Extract,Egg Lecithin
Rice Starch,Beef Tallow (Non-Halal),Corn Starch,Cream Powder
Malt Extract,Brandy Flavoring,Bamboo Fiber,Egg Albumin
Natural Flavors,Pork Stock,Bamboo Fiber,Milk Derivatives
Dextrose,Gelatin Hydrolysate,Bamboo Fiber,Sweet Whey
Soy Flour,Animal Fat,Tapioca Fiber,Egg Lecithin
Soy Flour,Beer Extract,Tapioca Fiber,Honey Powder
Soy Flour,Beer Extract,Corn Starch,Milk Derivatives
Beta-Carotene,Wine Vinegar,Chicory Root Fiber,Cream Powder
Turmeric Extract,Brandy Flavoring,Stevia Extract,Milk Derivatives
Malt Extract,Wine Vinegar,Stevia Extract,Lactose Powder
Turmeric Extract,Animal Fat,Bamboo Fiber,Whey Powder
Rice Starch,Wine Vinegar,Stevia Extract,Sodium Caseinate
Calcium Lactate,Rum Flavor,Coconut Sugar,Sweet Whey
Rice Starch,Rum Flavor,Spirulina,Egg Lecithin
Dextrose,Animal Fat,Potato Protein,Cream Powder
Malt Extract,Gelatin Hydrolysate,Stevia Extract,Sodium Caseinate
Lecithin,Beef Tallow (Non-Halal),Chicory Root Fiber,Lactose Powder
Sorbitol,Rum Flavor,Guar Gum,Vegetarian Rennet
Dextrose,Brandy Flavoring,Potato Protein,Lactic Acid (Dairy)
Turmeric Extract,Beer Extract,Chicory Root Fiber,Egg Lecithin
Soy Flour,Rum Flavor,Corn Starch,Honey Powder
Lecithin,Pork Stock,Beet Powder,Whey Powder
Rice Starch,Wine Vinegar,Coconut Sugar,Sodium Caseinate
Natural Flavors,Pork Stock,Stevia Extract,Lactose Powder
Natural Flavors,Beef Tallow (Non-Halal),Coconut Sugar,Lactose Powder
Dextrose,Gelatin Hydrolysate,Stevia Extract,Honey Powder
Malt Extract,Rum Flavor,Mung Bean Protein,Honey Powder
Natural Flavors,Gelatin Hydrolysate,Spirulina,Egg Albumin
Yeast Extract,Beer Extract,Beet Powder,Lactose Powder
Calcium Lactate,Lard Shortening,Tapioca Fiber,Sweet Whey
Rice Starch,Rum Flavor,Tapioca Fiber,Sodium Caseinate
Dextrose,Beer Extract,Coconut Sugar,Egg Albumin
Rice Starch,Beer Extract,Coconut Sugar,Lactose Powder
Rice Starch,Beer Extract,Chicory Root Fiber,Vegetarian Rennet
Sorbitol,Beer Extract,Mung Bean Protein,Egg Albumin
Yeast Extract,Meat Extract,Agar Agar,Sodium Caseinate
Malt Extract,Brandy Flavoring,Corn Starch,Vegetarian Rennet
Soy Flour,Brandy Flavoring,Chicory Root Fiber,Lactose Powder
Natural Flavors,Meat Extract,Agar Agar,Milk Derivatives
Calcium Lactate,Brandy Flavoring,Mung Bean Protein,Egg Lecithin
Dextrose,Lard Shortening,Coconut Sugar,Milk Derivatives
Natural Flavors,Meat Extract,Tapioca Fiber,Lactose Powder
Sorbitol,Meat Extract,Guar Gum,Lactose Powder
Beta-Carotene,Beer Extract,Spirulina,Egg Lecithin
Soy Flour,Beer Extract,Chicory Root Fiber,Egg Albumin
Calcium Lactate,Beef Tallow (Non-Halal),Spirulina,Egg Lecithin
Sorbitol,Animal Fat,Corn Starch,Whey Powder
Rice Starch,Rum Flavor,Mung Bean Protein,Vegetarian Rennet
Lecithin,Beer Extract,Stevia Extract,Lactose Powder
Lecithin,Animal Fat,Bamboo Fiber,Milk Derivatives
Yeast Extract,Gelatin Hydrolysate,Beet Powder,Milk Derivatives
Vegetable Glycerin,Lard Shortening,Agar Agar,Egg Lecithin
Soy Flour,Pork Stock,Potato Protein,Milk Derivatives
Beta-Carotene,Lard Shortening,Agar Agar,Cream Powder
Vegetable Glycerin,Meat Extract,Agar Agar,Egg Lecithin
Natural Flavors,Wine Vinegar,Beet Powder,Vegetarian Rennet
Turmeric Extract,Rum Flavor,Guar Gum,Sodium Caseinate
Malt Extract,Gelatin Hydrolysate,Stevia Extract,Lactose Powder
Yeast Extract,Pork Stock,Spirulina,Milk Derivatives
Natural Flavors,Brandy Flavoring,Corn Starch,Sodium Caseinate
Natural Flavors,Wine Vinegar,Corn Starch,Sweet Whey
Rice Starch,Wine Vinegar,Stevia Extract,Whey Powder
Yeast Extract,Lard Shortening,Tapioca Fiber,Whey Powder
Turmeric Extract,Beer Extract,Bamboo Fiber,Whey Powder
Yeast Extract,Animal Fat,Potato Protein,Sweet Whey
