vegetarian,vegan,gmoFree,kosher,halal,lowCarb
,Modified Potato Starch,,,,
,Sea Salt,,,,
,Organic Spices,,,,
,Tomato Puree,,,,
,Vinegar,,,,
,Rice Milk,,,,
,Tapioca Syrup,,,,
,Safflower,,,,
,ASAFETIDA,,,,
,Yeast Extract,,,,
,Flax Bread,,,,
,Vitamin B6,,,,
Garlic Powder,Water,,,,
,Celery,,,,
,Vegetable Oils,,,,
,SEA SALT,,,,
,Sea Salt,,,,
,Mandarin and Tangerine Juice Concentrate,,,,
Sugar,Sugar,,,,
,Egg Replacer,,,,
,Potatoes,,,,
,Browned in Corn Oil,,,,
,Naturally Milled Sugar,,,,
,organic natural flavors,,,,
,REDMOND'S REAL SALT,,,,
,Folic Acid),,,,
,Vinegar,,,,
,Turmeric,,,,
,Cilantro),,,,
,Carob Powder,,,,
,organic erythritol,,,,
,Caramel Color,,,,
,FLAX SEED POWDER,,,,
,Best Ingredients  Filtered Water,,,,
,Organic Coconut Palm Sugar,,,,
,Thai Chili Sauce,,,,
Salt,Oat Bran,,,Rice Starch,Potassium Chloride
,Organic Cane Sugar,,,,
,Citric Acid,,,,
,Chili,,,,
,Potato Starch,,,,
,XANTHAN GUM,,,,
,Soy Protein Isolate*,,,,
,Organic Paprika,,,,
,Calcium Chloride  Contains Soy  *Gluconolactone Is A Non-Dairy Coagulant Derived from Non-Gmo Corn Starch,,,,
,Organic Vegetable Base,,,,
,celery),,,,
,TOASTED GRATED COCONUT,,,,
,Bok Choy,,,,
,Citric Acid,,,,
,Soy Base,,,,
Water,Algin,,,Garlic Puree,Corn Starch
,Red Cabbage Extract for Color],,,,
,celery),,,,
,White Bean Powder,,,,
,Rice Starch,,,,
,500; Total Fat Less than 65 g 80 g; Sat Fat Less than 20 g 25 g; Cholesterol Less than 300 mg 300 mg; Sodium Less than 2,,,,
,Onion Powder,,,,
,Green Chili,,,,
,Dried,,,,
,Spices,,,,
,Natural Flavors,,,,
,Glycerin,,,,
,000 calorie diet  Your Daily Values may be higher or lower depending on your calorie needs ; &nbsp; Calories 2,,,,
,Xanthan Gum,,,,
,Xanthan Gum),,,,
,Black Beans,,,,
,Modified Tapioca Starch,,,,
,Sugar,,,,
,Wheat),,,,
,Paprika),,,,
Onion Powder,Palm Oil,,Salt,Masa Flour,Potato Starch
,rosemary extract,,,,
,sea salt,,,,
,Spices,,,,
,Paprika Extract [Color],,,,
,Folic Acid),,,,
,Organic Noodles,,,,
,Soy Lecithin,,,,
,Corn Starch,,,,
,Salt,,,,
,sundried tomatoes,,,,
,Safflower or Sunflower Oil,,,,
,organic hemp protein,,,,
,CELLULOSE,,,,
,Dehydrated Potatoes,,,,
,Paprika),,,,
,Kale,,,,
,Maltodextrin,,,,
,Non-Alcoholic Natural Chocolate Liquor,,,,
Natural Flavor,Natural Vanilla Flavor,,Sea Salt,Water),Natural Flavor
,Fig Paste,,,,
,Sea Salt,,,,
,Dried Potato,,,,
,DILL,,,,
,Chili Pepper Paste,,,,
,Organic Split Peas,,,,
,Carbohydrate Gum),,,,
Salt,Soybean Oil,,,,
,Citric Acid,,,,
,Salt),,,,
,Sunflower Lecithin  *Calcium Lactate Is Not Dairy-Derived,,,,
,Non-GMO Corn Starch,,,,
,vital wheat gluten,,,,
,Locust Bean Gum,,,,
,Soy Lecithin,,,,
,Glucono Delta-Lactone,,,,
,Organic Cashew,,,,
,Salt,,,,
Salt,SPRING ONION,,,,
,Disodium Guanylate,,,,
,Onion Powder,,,,
,GLUTEN FREE OAT FLOUR,,,,
,Butternut Squash,,,,
,RICE FLOUR*,,,,
Calcium Chloride,Acetic Acid,Coenzyme Q10,Brown Sugar,Sugar,Sodium Bicarbonate
Egg,Malted Barley Flour,,,,
,Dried Potato,,,,
,Enriched Wheat Flour,,,,
,TAPIOCA FLOUR NON-HYDROGENATED PALM FRUIT OIL,,,,
,Soy*,,,,
,Celery,,,,
,monkfruit,,,,
,Organic Vegetable Base,,,,
,Red Peppers,,,,
,Water,,,,
,SOYBEAN OIL,,,,
,Soy Sauce,,,,
,Water,,,,
,Cultured Unbleached Whole Wheat Flour,,,,
,COOKED PINTO BEANS*,,,,
,Fermented Wheat Flour Paste,,,,
,Paprika Extract [Color],,,,
,Riboflavin,,,,
,carrots,,,,
,ASCORBIC ACID,,,,
,Vinegar Powder,,,,
,Chia Seed,,,,
,Other Ingredients  Orgain Organic Protein Blend™,,,,
,Garlic,,,,
,Peas,,,,
Sugar,Dry Hot Sauce,cure or prevent any disease,Salt,Beetroot Powder [Color],As A Preservative
,Noodles,,,,
,Carrageenan,,,,
,Other Ingredients  Potatoes,,,,
,Plum Sauce,,,,
,Fennel,,,,
,Cane Sugar,,,,
,Rice Wine,,,,
,natural vegan ham flavor,,,,
,Garlic Powder Sauce  Water,,,,
,RICE STARCH,,,,
,Millet),,,,
,Water,,,,
,Organic Corn Starch,,,,
,Add to your favorite Olive & Vinegar Salad Dressings,,,,
,?Dehydrated Green Bell Pepper,,,,
,Unsulphured Molasses,,,,
,Sugar,,,,
,Water),,,,
,Soybean*,,,,
,garlic powder,,,,
,Tapioca Flour),,,,
,organic cocoa,,,,
,organic rice dextrins,,,,
Corn Protein,Salt,000 IU,Passover Autolyzed Yeast Extract,Tomato Paste,and/Or Canola Oil
,Organic Spices,,,,
,Onions,,,,
,Yeast Extract,,,,
,Carrots,,,,
Sea Salt,Niacin,,,Lemon Juice Concentrate,Sucralose
,Carbohydrate Gum),,,,
Mustard Seed,Inactive Dry Yeast,,,Expeller pressed Canola Oil,Corn Oil
,Dried Onions,,,,
,Blueberries,,,,
,Fermented Wheat Flour Paste,,,,
,Sodium Phosphate,,,,
,Filtered Water,,,,
Brown Sugar,Monocalcium Phosphate),,,Non-Fat Yogurt,Wheat Gluten
,Folic Acid),,,,
,Soy Protein Concentrate,,,,
,Natural Flavor,,,,
,Serving Size  1 oz,,,,
,Rice Starch,,,,
,Shortening,,,,
,TOASTED GRATED COCONUT,,,,
,xanthan gum,,,,
,organic inulin,,,,
,Cream of Tartar,,,,
,Yeast Extract,,,,
,Sea Salt,,,,
,Malted Barley Flour,,,,
,tomato paste,,,,
,Natural Flavor,,,,
,SALT,,,,
Hydrolyzed Soy Protein,Millet,,Paprika,Water,Milk
,Sunflower Lecithin,,,,
,Cane Sugar,,,,
,Other Ingredients  Orgain Organic Protein Blend™,,,,
,Turmeric,,,,
,Vegan Natural Flavors,,,,
,apple cider vinegar,,,,
,Lovage,,,,
,Lentils),,,,
,Parsley,,,,
,Coconut Oil,,,,
,Cultured Unbleached Whole Wheat Flour,,,,
,Serving Size  2 cookies,,,,
,Salt,,,,
,Blueberry Paste [Dried Cane Sugar,,,,
Textured Soy Flour,Organic Cane Sugar,,Flavorings,Black Pepper,Beetroot Powder [Color]
Distilled Vinegar,DILL*,,Water,Native Corn Starch and Contains 2% or Less of  Sea Salt,Sodium Propionate) and Lecithin
,Soybean*,,,,
,SODIUM BICARBONATE,,,,
,Caramel Color,,,,
,Garlic),,,,
,Torula Yeast,,,,
,Pea Protein,,,,
,Black Sesame Seeds,,,,
,Yellow Corn Flour,,,,
,COCOA BUTTER),,,,
,Brown Rice Syrup,,,,
,basil,,,,
,Xanthan Gum,,,,
,Soy Sauce Powder,,,,
,water,,,,
,CALCIUM DISODIUM EDTA,,,,
,CARRAGEENAN,,,,
,TURMERIC*,,,,
,Spice,,,,
,Disodium Succinate,,,,
,Carrot Fiber,,,,
,Soy Sauce,,,,
,Water,,,,
,Mustard Oil),,,,
,Natural Flavor,,,,
,Sugar,,,,
,WATER,,,,
,Tomato Paste),,,,
,organic guar gum,,,,
,Tree Nuts,,,,
,Split Peas*,,,,
Cooked Beans,CHIA SEEDS*,,Partially Hydrogenated Soybean Oil,Onions,Salt
,Dehydrated Vegetables,,,,
,Baking Soda,,,,
,Vegetable Packet Red Bell Pepper,,,,
,Chives,,,,
,Natural Flavors,,,,
,Malted Barley Flour,,,,
Cashew,Riboflavin,,,,
,Browned in Corn Oil,,,,
,SALT,,,,
,Garlic Powder,,,,
,Mushroom Extract*,,,,
,Molasses,,,,
,*Cornstarch,,,,
,STEVIA,,,,
,Salt,,,,
,Organic Date Paste,,,,
,vegetable mix,,,,
Garlic Powder,Mustard Oil),Sunflower Seeds,Salt,Beef,Vital Wheat Gluten
,Salt),,,,
,Brown Rice Syrup Solids,,,,
,Wheat   Manufactured in a facility that processes Milk,,,,
,Buckwheat,,,,
,CONTAINS 2% OR LESS OR EACH OF THE FOLLOWING  MODIFIED FOOD STARCH,,,,
,Organic Expeller-Pressed Palm Oil,,,,
,xanthan gum,,,,
,chickpea flour,,,,
Salt,SPICES*,,Salt,Black Pepper,Salt
,Cane Sugar,,,,
,Brown Rice,,,,
,Yeast Extract,,,,
,Gluten-Free Flour,,,,
,Dried Cane Sugar,,,,
,Caramel Color,,,,
,SEMI-SWEET CHOCOLATE CHIPS,,,,
,Enzymes],,,,
,salt,,,,
,Konjac Flour,,,,
,Gluten Free Whole Grain Oats,,,,
,Soy*,,,,
,Organic Brown Rice,,,,
,organic inulin,,,,
,Calcium Carbonate,,,,
,Maltodextrin,,,,
,Sprouted Brown Rice Protein,,,,
Enriched,WATER,,Water only,Garlic,Disodium Phosphate
,Salt,,,,
Caramel Color),*Organic Sunflower Lecithin),cure or prevent any disease,Potatoes,Sea Salt Enchilada Filling  Roasted Dark Meat Chicken,to Maintain Freshness
,oat bran,,,,
,Dried Onions,,,,
,Sodium Citrate,,,,
,Flour Mix,,,,
,Niacin,,,,
,Dehydrated Parsley,,,,
,Dehydrated Vegetables,,,,
,Brown Rice Protein,,,,
,Expeller-Pressed Toasted Sesame Oil*,,,,
,Fruit and Vegetable Juice Powder,,,,
,maple syrup,,,,
,canola oil,,,,
,Natural Flavor,,,,
,Topping Roasted Peanut,,,,
,Citric Acid,,,,
,oats),,,,
,Brown Sugar,,,,
,natural vegetable color,,,,
,Extractives of Paprika,,,,
,Non-Alcoholic Natural Chocolate Liquor,,,,
,Tomato,,,,
,Non-Dairy Cocoa Butter),,,,
,Sugar,,,,
,Yeast Extract,,,,
,UNSWEETENED CHOCOLATE,,,,
,Lactic Acid,,,,
,BLACK CHIA SEEDS,,,,
,Blueberries,,,,
,expeller pressed canola oil,,,,
,Canola Oil,,,,
,Chili,,,,
,Coconut,,,,
,vegan cheddar seasoning,,,,
,Iron,,,,
,Natural Flavors,,,,
,Beetroot Fiber,,,,
,Flaxseed Meal,,,,
,yeast,,,,
,Prebiotic Tapioca Fiber,,,,
,Lactic Acid,,,,
,Maltodextrin,,,,
,organic natural flavors,,,,
,Sea Salt,,,,
,organic rice dextrins,,,,
,Sugar,,,,
,Wheat*,,,,
,and Xanthan Gum Sauce  Sugar,,,,
,tomato paste,,,,
,Natural and Artificial Flavor,,,,
,Riboflavin,,,,
Cashew,400 mg 2,Monocalcium Phosphate),Chicken,Cheese Culture,Roasted & Dried Garlic
,Rice Dextrin,,,,
,Thiamine Mononitrate,,,,
,Cornmeal,,,,
,NATURAL FLAVORS,,,,
,Modified Corn Starch,,,,
,Salt,,,,
,Sodium Carbonate,,,,
,Rice Flour,,,,
,Noodles  Wheat Flour,,,,
,carrots,,,,
,Vegan Natural Flavors,,,,
,Lime Juice,,,,
,Mannitol,,,,
,Expeller-Pressed Vegetable Oil*,,,,
,Sunflower Seed Butter,,,,
,Onions,,,,
,ONION*,,,,
Vinegar  *Dried,Organic Sweet Potato Powder,artificial flavors or synthetic colors  These statements have not been evaluated by the Food & Drug Administration  These products are not intended to diagnose,Matzo Meal,Garlic Puree,Xanthan Gum
,and Xanthan Gum Sauce  Sugar,,,,
,organic chia seed,,,,
,Non-GMO Corn Starch,,,,
,Extractives of Paprika and Turmeric Batter  Water,,,,
,Lemon Peel*,,,,
,Shitake Mushroom Extract,,,,
,Hydrolyzed Corn Protein,,,,
,Potato Starch,,,,
,and/or Sunflower*),,,,
,organic guar gum,,,,
,Vegetables,,,,
,Parsley,,,,
,Organic Palm Oil Shortening,,,,
,Expeller Pressed Canola Oil,,,,
,NATURAL FLAVOR,,,,
,Spices,,,,
,Paprika Extract [Color],,,,
,Salt,,,,
,Soybean),,,,
,Organic Spinach,,,,
,Green Chili,,,,
,Organic Rice,,,,
and Soy Gluten,Sprouted Brown Rice Protein,,White Pepper,Vegetarian Enzymes),Maltodextrin
,Citric Acid,,,,
,olive oil,,,,
,Lactic Acid,,,,
,Organic Turmeric,,,,
,Salt),,,,
,CUMIN SEEDS,,,,
,Modified Corn Starch,,,,
,Cabbage,,,,
,Dehydrated Vegetables,,,,
,Rice Extract,,,,
,Long Grain Brown Rice,,,,
,Organic Apple Cider Vinegar,,,,
,WATER,,,,
,Organic Onions,,,,
,organic erythritol,,,,
,Caramel Color,,,,
,Organic Basil,,,,
,Organic Vegetables,,,,
,Sugar,,,,
,Water,,,,
,Caramel Color,,,,
,Yeast Extract,,,,
,Cheese Powder,,,,
,sumac,,,,
,Diced Tomatoes in Tomato Juice,,,,
,Soy Protein,,,,
,Dried Cane Sugar,,,,
,Salt,,,,
Mustard Bran,Algin,,,,
,Mushroom Extract*,,,,
,salt,,,,
,500; Total Fat Less than 65 g 80 g; Sat Fat Less than 20 g 25 g; Cholesterol Less than 300 mg 300 mg; Sodium Less than 2,,,,
Dextrose,Organic Flavor,Soy Lecithin,Paprika,Red Onions,Thiamin Mononitrate
Turmeric,Pyridoxine HCI,,,Spices,Maltodextrin
,Canola Oil,,,,
,Dried Cane Syrup,,,,
,WATER,,,,
,Seasoning,,,,
Garlic,Organic Onion Powder,Rice Flour,Turmeric,Corn Flour,Folic Acid)
,Algal Protein,,,,
,NATURAL FLAVORS,,,,
,Soybeans,,,,
,Soy Protein Concentrate,,,,
,Yeast Extract,,,,
Turmeric,Garlic,,,,
,Alcohol*),,,,
,Sodium Phosphate,,,,
,Organic Sweet Potato Powder,,,,
,Parsley,,,,
,organic high oleic sunflower oil,,,,
,Yeast Extract,,,,
,apple cider vinegar,,,,
,Vanilla Extract,,,,
,Yeast Extract,,,,
,Organic Cane Sugar,,,,
,Lentils*,,,,
,Expeller-Pressed Toasted Sesame Oil*,,,,
,High Fructose Corn Syrup,,,,
,GARLIC*,,,,
,Citric Acid,,,,
,sea salt and spices) Allergens   Soy,,,,
Dairy,Niacin,,,,
,Celery,,,,
,Potato,,,,
,Calcium Carbonate,,,,
,Cheese Culture,,,,
,Guar Gum,,,,
,Turmeric  *Dried,,,,
,Non-Alcoholic Natural Chocolate Liquor,,,,
,Bay leaves,,,,
,contains less than 2% of Methylcellulose,,,,
,Sugar,,,,
,400 mg; Total Carb &nbsp; 300 g 375 g; Dietary Fiber &nbsp; 25 g 30 g; Calories Per Gram Fat 9 • Carbohydrate 4 • Protein 4,,,,
,Green Onion*,,,,
,Brown Rice Syrup,,,,
,400 mg; Total Carb &nbsp; 300 g 375 g; Dietary Fiber &nbsp; 25 g 30 g; Calories Per Gram Fat 9 • Carbohydrate 4 • Protein 4,,,,
,Potato,,,,
,*Wheat,,,,
,CAROB POWDER,,,,
,Eggs,,,,
CANE SUGAR*,MUSTARD SEED,,Sodium Phosphate,Cumin,Wheat Bran
,Water,,,,
,SEA SALT,,,,
,Corn Syrup Solids,,,,
,Soy Sauce,,,,
,Yeast Extract,,,,
,Sesame),,,,
,Salt,,,,
,Onion And Garlic Powder,,,,
,Organic Peas,,,,
,Potato Starch  Contains  Milk,,,,
,Soybeans,,,,
,vital wheat gluten,,,,
,Parsley),,,,
,Gluconolactone*,,,,
,Semi-Sweet Chocolate Chips,,,,
,Tofu,,,,
,Hydrolyzed Wheat Protein,,,,
,Cooked Great Northern Beans,,,,
,Salt,,,,
,And It Does Not Contain Lactose  Baked In A Dedicated Gluten-Free Allergy-Friendly Facility,,,,
,And/Or Canola Oil,,,,
,Pea Protein,,,,
,Ginger,,,,
,Thai Chili Sauce,,,,
,organic stevia,,,,
,Water,,,,
Hydrolyzed Corn,BLACK CARDAMOM,,,,
,Rice Wine,,,,
,Wheat Gluten,,,,
,*Onion,,,,
,Carrots,,,,
,CAYENNE PEPPER,,,,
,Vegetables*,,,,
,Cabbage,,,,
,Niacin,,,,
,Lentils),,,,
,Sesame Seeds,,,,
,Baking Soda,,,,
,organic chia seed,,,,
,organic hemp protein,,,,
,baking soda and spices) Harmless HamTM,,,,
,Cocoa,,,,
,Toasted Sesame Seeds*,,,,
,Rolled Oats,,,,
,Sea Salt,,,,
,Ginger*,,,,
,Sodium Bisulfite added as a Color Stabilizer,,,,
,Natural Flavor,,,,
,Carrot Fiber,,,,
,Garlic,,,,
,Dried Cane Sugar,,,,
,Sugar,,,,
,Potato Starch,,,,
,Citric Acid),,,,
,Natural Flavor,,,,
,ORGANIC ROYAL QUINOA FLOUR,,,,
,Carrot,,,,
,Oat Fiber,,,,
,Salt,,,,
,Best Ingredients  Baked Tortilla Chips,,,,
,Organic Coffee Extract,,,,
Egg,Toppings  Green Onion,,,,Yellow 5 Lake
,Brown Sugar,,,,
Green Beans,Medium Grain Rice Flour,250% Daily Value  Other Ingredients  Extra virgin olive oil,Potato Starch,spice blend,Whole Wheat Flour
,Sea Salt,,,,
,nutritional yeast,,,,
,Vital Wheat Gluten*,,,,
,Vegetables,,,,
,Salt),,,,
,Salt,,,,
,Water,,,,
,Yeast Extract,,,,
,Wheat Starch,,,,
,CALCIUM LACTATE,,,,
,Fig Paste,,,,
,canola oil,,,,
,SEMI-SWEET CHOCOLATE CHIPS,,,,
,Ginger*,,,,
,Garlic Powder,,,,
,Non-GMO Expeller Pressed  Canola and/or Safflower Oil,,,,
,Non-Dairy Cocoa Butter),,,,
,Xanthan Gum,,,,
,*Alcohol),,,,
,Soybean),,,,
,Hydrolyzed Wheat Protein,,,,
,onion powder,,,,
,allspice,,,,
,Spices and Herbs,,,,
,Carrots,,,,
,Hydrolyzed Soy Protein,,,,
,Cream of Tartar,,,,
Tomato Extract,Salt,High Oleic Sunflower Oil and/or Safflower Oil and/or Canola Oil,Salt,Canola Oil and/or Safflower Oil and/or Sunflower Oil,Sodium Propionate) and Lecithin
,Salt,,,,
,Egg Replacer,,,,
,Spices,,,,
,oat bran,,,,
,ORGANIC SUGAR CANE SYRUP,,,,
,Filtered Water,,,,
,Eggs,,,,
Tomato Paste,and Xanthan Gum,,,,
,Expeller Pressed Canola Oil,,,,
,Natural Smoke Flavor,,,,
,Parsley),,,,
,Noodle  Wheat Flour,,,,
Modified Food Starch,Soybean Paste,,,,
,Cayenne Pepper,,,,
,expeller pressed canola oil,,,,
,Garlic,,,,
,Filtered Water,,,,
,Onion,,,,
,SEA SALT,,,,
,SOY-FREE)  WHOLE ALGAL FLOUR,,,,
,Garlic,,,,
,Onion Powder,,,,
,organic stevia,,,,
,Natural Flavor,,,,
,Vinegar Solids,,,,
,Organic Yeast Extract,,,,
Natural Smoke Flavoring,Shitake Mushroom Extract,,,,Cheese Cultures
,Palm Kernel Oil,,,,
,Tomatoes,,,,
,Fructose,,,,
,Seasoning,,,,
,Yeast Extract,,,,
,Onion Powder,,,,
,Millet,,,,
,oats),,,,
,Soybean Oil,,,,
,Oat Bran,,,,
,WHOLE GRAIN QUINOA FLOUR,,,,
,Leavening,,,,
,Organic Cacao Powder,,,,
,Potato Starch,,,,
,Celery,,,,
,Natural Flavors,,,,
,Xanthan Gum  *Organic ingredients,,,,
,CHICKPEA FLOUR,,,,
,400 mg; Total Carbohydrate &nbsp; 300 g 375 g; Dietary Fiber &nbsp; 25 g 30 g; Protein &nbsp; 50 g 65 g; Calories per gram  Fat 9&nbsp;&nbsp;&nbsp; · &nbsp;&nbsp;&nbsp;Carbohydrate 4 &nbsp;&nbsp;&nbsp;· &nbsp;&nbsp;&nbsp;Protein 4,,,,
,Spices,,,,
,Lime,,,,
,Organic Vinegar,,,,
,Oat Bran,,,,
,white pepper,,,,
,Naturally Milled Sugar,,,,
,natural vegetable color,,,,
,Oat Fiber,,,,
Filtered Water,Bacillus Coagulans GBI-30 6086),,Organic marjoram leaves,contains 2% or less of  Spices,Guar
,Vegan Natural Flavors,,,,
Organic High Oleic Safflower and/or Sunflower Oil,Thiamin Mononitrate,,,Turmeric,Vitamin A Palmitate
,Leavening,,,,
,400 mg 2,,,,
,Algin,,,,
,Yeast Extract,,,,
,BAKING POWDER,,,,
,Sesame Seeds,,,,
,Canola Oil,,,,
,And It Does Not Contain Lactose  Baked In A Dedicated Gluten-Free Allergy-Friendly Facility,,,,
,Dried Cane Sugar,,,,
contains 2% or less of Tomato Paste,Organic Rice Flour,,may contain Bleached Wheat Flour) Blanched in Vegetable Oil,Citric Acid,Turmeric)
,Spices,,,,
,Sodium Bisulfite added as a Color Stabilizer,,,,
,Tricalcium Phosphate,,,,
,Modified Tapioca Starch,,,,
,Potato Starch,,,,
,ORGANIC RAW SUGAR,,,,
,Oat Flour,,,,
,Riboflavin,,,,
,Organic Cane Sugar,,,,
,Yeast Extract,,,,
,instead of paprika on deviled eggs,,,,
,Rice Wine,,,,
,Celery),,,,
,Pea Protein,,,,
,Oat Flour,,,,
,Whey Powder,,,,
,Sea Salt,,,,
,Brown Sugar,,,,
Textured Vegetable Protein,SPICE PACKET - ORGANIC STAR ANISE,,,,Disodium Inosinate
,Sea Salt,,,,
,contains less than 2% of Methylcellulose,,,,
,Biscoff Cookies,,,,
,Algin,,,,
,400 mg 2,,,,
,Cinnamon,,,,
,Tree Nuts,,,,
,Salt,,,,
,Rosemary],,,,
,Onion And Garlic Powder,,,,
,Salt),,,,
,Annatto [color],,,,
,Cream of Tartar,,,,
,Almond Milk,,,,
,Soy Sauce,,,,
Tomato Paste,Sodium Bicarbonate,,,,
,OLIVE OIL*,,,,
,sea salt and spices) Allergens   Soy,,,,
Soy Lecithin,Paprika Extract,purified water and magnesium stearate  Free of  sugar,Sodium Erythorbate,Sea Salt,Sea Salt
,Mexican food,,,,
,Expeller Pressed Sunflower Oil,,,,
,Natural Flavoring,,,,
,Vegan Chickpea Patty,,,,
,Peas,,,,
,Torula Yeast,,,,
,Organic Tomatoes,,,,
Egg,Serving Size &nbsp;1 oz,Cocoa Processed with Alkali,White Pepper,Cheese Culture,Digestive Resistant Cornstarch
,Organic Potato Starch,,,,
,extra virgin olive oil,,,,
,And/Or Canola Oil,,,,
,SOYBEAN OIL,,,,
,Salt),,,,
,Onion,,,,
,Expeller Pressed Vegetable Oil,,,,
,Thiamin Mononitrate,,,,
,Pickles,,,,
,Shiitake Mushrooms,,,,
,Water),,,,
,Citric Acid,,,,
,DISTILLED VINEGAR,,,,
,MUSTARD SEED,,,,
,Salt,,,,
,Sea Salt,,,,
,Konjac,,,,
,Rice Flour,,,,
,Spice [Includes White Pepper,,,,
SPICES*,ONION*,,Yeast,Jalapeno Peppers,Yeast
,Organic Rice Pasta,,,,
,monkfruit,,,,
,Salt,,,,
,Potato Starch,,,,
,Garlic,,,,
,organic hemp protein,,,,
,Soy,,,,
,*Apple Cider Vinegar,,,,
,Sea Salt,,,,
,Pineapple*,,,,
,Sea Salt,,,,
,Garlic,,,,
,Organic Cashew,,,,
,Citric Acid,,,,
,CAROB POWDER,,,,
,Beetroot Fiber,,,,
,Natural Flavor,,,,
,Malted Barley Flour,,,,
,Salt,,,,
Riboflavin and Folic Acid),SEA SALT,,Potato Starch,Sea Salt,Contains Less Than 2% Of Artificial Flavor
,Natural Flavor,,,,
,Rice Flour,,,,
,ASCORBIC ACID,,,,
,SODIUM CITRATE,,,,
Soybean Oil,GARLIC,,,,
,Garlic,,,,
,Soy Protein,,,,
Barley,Sugar,cure or prevent any disease,Carrageenan,Veggie Chips,High Oleic Safflower Oil
,Yeast Extract,,,,
,Teff,,,,
,Cheese Culture,,,,
,Wheat Starch,,,,
,Salt,,,,
Prepared Beans,Guar Gum,,,,
And Almond Products,Organic Cane Sugar,,,,
,Xanthum Gum,,,,
,Almond Milk,,,,
,Organic Fig Paste,,,,
,Parsley,,,,
,cloves,,,,
,organic cocoa,,,,
,Rice Flour,,,,
,Tapioca Flour,,,,
,Gluten Free Whole Grain Oats,,,,
,Brown Rice Syrup,,,,
,*Cornstarch,,,,
,Corn,,,,
,Tapioca Starch,,,,
,Riboflavin,,,,
,Spices  *Dried,,,,
,Brown Sugar,,,,
,Thiamin Mononitrate,,,,
,Tree Nuts And Seeds,,,,
,*Tamarind,,,,
,Torula Yeast,,,,
Citric Acid),Teff,,Onions,Mesquite Smoke Flavor) Nixtamal Corn Tortillas  Yellow Corn,Blue 1
,Coconut Oil,,,,
,Salt,,,,
,Sea Salt,,,,
RICE FLOUR*,SALT,,Dextrose,Black Pepper,High Oleic Safflower Oil
,Flaxseed,,,,
,baking soda and spices) Harmless HamTM,,,,
,NATURAL COCONUT AND VANILLA EXTRACTS,,,,
Prepared White Beans,Sodium Bicarbonate,,,Garlic Puree,Folic Acid)]
,Expeller-Pressed Vegetable Oil*,,,,
,Natural Flavor,,,,
,Dry Roasted Almonds,,,,
,Citric Acid),,,,
,Carrot),,,,
,Tapioca Starch,,,,
,Wheat Gluten,,,,
,Rice,,,,
Spice,Cayenne Pepper,Flax Seeds,Yellow Prussiate of Soda,Ground Chicken,Oat Fiber
,Cheese Culture,,,,
,GROUND BAY LEAF*,,,,
,Rolled Oats,,,,
,Garlic),,,,
,Seasoning Blend?(Tomato Powder,,,,
,Canola Oil,,,,
Textured Vegetable Protein,*Organic Corn Starch,treat,Potato Starch,Water),L-Cysteine
,Natural Vanilla Flavor,,,,
,Blueberry Paste [Dried Cane Sugar,,,,
,Garlic,,,,
,canola oil,,,,
,Folic Acid),,,,
,Spices,,,,
,Filtered Water,,,,
,Pea Starch,,,,
,Potatoes,,,,
,Citric Acid,,,,
,Corn Meal,,,,
And Almond Products,Guar Gum,,,,Lactic Acid
,Modified Corn Starch,,,,
,organic pea protein),,,,
,sea salt,,,,
,Caramel Color [Ammonia-Free],,,,
,tomato paste,,,,
Autolyzed Yeast  Contains Allergens  Wheat,ORGANIC GREEN TEA,,,,
,oat bran,,,,
,Algal Protein,,,,
,Paprika,,,,
,Extractives of Paprika,,,,
,FLAX SEED POWDER,,,,
,Organic Lentils,,,,
,Celery Seed,,,,
,Toasted Sesame Seeds*,,,,
,Salt),,,,
,organic erythritol,,,,
,Soy Sauce*,,,,
,Non-GMO Corn Starch,,,,
,Evaporated Cane Juice,,,,
,Riboflavin,,,,
,Carrots,,,,
,Citric Acid,,,,
,Chili Peppers,,,,
,*Cane Sugar,,,,
,Natural Flavor,,,,
,organic rice dextrins,,,,
,Non-Alcoholic Natural Chocolate Liquor,,,,
,Long Grain Brown Rice,,,,
,Vegetable Glycerin,,,,
,Garlic,,,,
,Sea Salt,,,,
,Garlic*,,,,
,Reduced Fat Cheddar Cheese,,,,
,Red Bell Peppers,,,,
,canola oil,,,,
,Zucchini,,,,
,Instantized Rice Flour,,,,
,Maltodextrin,,,,
,Sea Salt,,,,
,Extractives of Paprika,,,,
,Vegetables,,,,
,NON-GMO,,,,
,Organic Agave Nectar,,,,
,Xanthan Gum,,,,
,GINGER   BROWN RICE NOODLES - BROWN RICE,,,,
,Corn Meal,,,,
,Jalapeno Peppers,,,,
,Potato Starch,,,,
,Cinnamon,,,,
,Fermented Wheat Protein,,,,
,Water,,,,
,ground red chili pepper,,,,
,Semi-Sweet Chocolate Chunks,,,,
,Spices,,,,
,basil,,,,
,Spice Extract,,,,
,000 calorie diet  Your daily values may be higher or lower depending on your calorie needs ; &nbsp; Calories  2,,,,
Onion Powder,Folic Acid,,,,Dextrose
,Garlic*,,,,
,000 2,,,,
,Tomato,,,,
,Scallion,,,,
,Turmeric,,,,
,Cayenne Pepper,,,,
,SALT,,,,
,Cellulose Gum,,,,
,Sea Salt,,,,
,Spice,,,,
,garlic,,,,
Disodium Guanylate  Contains Allergen  Soy  Processed In A Plant That Handles  Wheat,Yeast Extract,,,,Artificial Color
,Brown Sugar,,,,
,Dried Onions,,,,
,Natural Flavors,,,,
,Noodle  Wheat Flour,,,,
,sumac,,,,
,MEDIUM GRAIN RICE FLOUR,,,,
Sodium Citrate,Vinegar Solids,Quinoa,Sugar,Salt,Contains Less than 2% of Each of the Following  Non-Aluminum Baking Powder
,Tapioca),,,,
,Garlic),,,,
,*Garlic,,,,
,Reduced Iron,,,,
,RED QUINOA,,,,
Salt,Garlic Powder,gelatin,Locust Bean Gum,Salt,Yeast
,Potatoes,,,,
,Soy Protein Concentrate,,,,
,garlic,,,,
,Organic Raw Almond,,,,
,Spice,,,,
,Spice,,,,
,oats),,,,
Garlic Powder,Water,,,,Cheddar Cheese
,Oat Fiber,,,,
,Locust Bean Gum,,,,
,Cheese Culture,,,,
,Alcohol*),,,,
,Tapioca Maltodextrin,,,,
,Prebiotic Tapioca Fiber,,,,
Parsley*,Vinegar,Organic Blue Corn,Yellow Prussiate of Soda,Turmeric),Potassium Sorbate
,contains less than 2% of Methylcellulose,,,,
,palm oil),,,,
,SALT,,,,
,Spices,,,,
,Organic Herbs,,,,
,Carrot,,,,
,Salt),,,,
,Sea Salt,,,,
,GUAR GUM)*,,,,
,Organic Cane Sugar,,,,
,Sesame Oil,,,,
,Brown Rice,,,,
,Caramel Color [Ammonia-Free],,,,
,Brown Rice Syrup,,,,
,Spice,,,,
,Grape Juice,,,,
,monkfruit,,,,
,WATER,,,,
Dairy,SALT,,,,
,natural flavor,,,,
,Torula Yeast,,,,
,orgaic rice bran extract,,,,
,Coconut Oil,,,,
,Grape Juice,,,,
,Natural Flavor,,,,
,CONTAINS 2% OR LESS OR EACH OF THE FOLLOWING  MODIFIED FOOD STARCH,,,,
,Soybean,,,,
,Date Paste,,,,
,Yeast Extract,,,,
,Tomato Powder,,,,
,Organic Green Coffee Powder,,,,
,SOY BEANS*)*,,,,
,ORGANIC SAIGON CINAMMON,,,,
,Semi-Sweet Chocolate Chunks,,,,
,Vegetables*,,,,
,Glucono Delta-Lactone,,,,
,organic cocoa,,,,
,Spice Extractive),,,,
,Dextrose,,,,
Dairy,Maltodextrin,,,,Yellow 5
,Locust Bean Gum,,,,
,Soybean Oil,,,,
,paprika extract,,,,
,Niacin,,,,
,Vinegar,,,,
,Organic Cacao Powder,,,,
,Navy Beans,,,,
,Xanthan Gum,,,,
Monosodium Glutamate,Tapioca),,Marjoram,Lime Garnish  Monterey Jack Cheese,Coconut Oil
,HIGH-OLEIC SUNFLOWER OIL*,,,,
,CINNAMON,,,,
Textured Soy Flour,Lactic Acid,,,,Salt
,Glucono Delta-Lactone,,,,
,yeast,,,,
,Leavening,,,,
,Water,,,,
,Pea Protein,,,,
,000 calorie diet,,,,
,Bacillus Coagulans GBI-30 6086),,,,
,Organic Date Paste,,,,
,Onion,,,,
,Stone Ground Whole Wheat Flour,,,,
,Basil,,,,
,Disodium Inosinate and Disodium Guanylate,,,,
,EXPELLER PRESSED CANOLA OIL,,,,
,And/Or Canola Oil,,,,
,monkfruit,,,,
,Organic Sunflower Seed,,,,
,allspice,,,,
,TAPIOCA FLOUR NON-HYDROGENATED PALM FRUIT OIL,,,,
,Maltodextrin,,,,
,GELLAN GUM,,,,
,Garlic,,,,
,Carrot,,,,
,Wheat*,,,,
,sea salt,,,,
,Lactic Acid,,,,
,Yeast Extract,,,,
,Modified Food Starch,,,,
,Peas,,,,
,Carrageenan,,,,
,Whole Oats,,,,
,Xanthan Gum,,,,
,Wheat,,,,
Potassium Chloride,Black Sesame Seeds,treat,Sodium Nitrite,Potassium Chloride,Xanthan Gum
,Maltodextrin,,,,
Distilled White Vinegar,Cinnamon,,,,
,Soy,,,,
,Organic Spices),,,,
,Citric Acid,,,,
,Sodium Carbonate,,,,
,Sodium Phosphates,,,,
,Oat Bran,,,,
Dextrose,Evaporated Can Juice,,,,Enzymes)
,Celery,,,,
,Onion Powder,,,,
,Organic Celery,,,,
,Water,,,,
,PAPRIKA OLEORESIN,,,,
Disodium Inosinate,Rice Wine,,,,Citric Acid
Organic Black Pepper,Baking Powder,,,Ginger,Riboflavin
,TAPIOCA SYRUP*,,,,
,Citric Acid,,,,
,Probiotic,,,,
,Paprika Extract [Color],,,,
,nutritional yeast,,,,
,Citric Acid,,,,
,Cane Sugar,,,,
,Organic Chia Powder,,,,
,Natural Flavors,,,,
,Soy Protein Concentrate,,,,
,Soy Protein Concentrate,,,,
,Salt,,,,
,Sprouted Brown Rice Protein,,,,
,Algin,,,,
Paprika,Salt),,,,
,Rice Flour,,,,
,Salt,,,,
,Spices,,,,
,Corn Starch,,,,
,organic chia seed,,,,
,SODIUM CITRATE,,,,
,Black Beans,,,,
Carrots,Sunflower Oil,gelatin,Passover Maltodextrin,garlic,Soy Protein
,Lactic Acid),,,,
,Monocalcium Phosphate),,,,
,Niacin,,,,
Tomatoes,Dehydrated Potatoes,treat,Sodium Lactate,water,Wheat Bran
,Brown Rice Syrup,,,,
,Cane Sugar,,,,
,Parsley,,,,
,Thiamine Mononitrate,,,,
,garlic,,,,
,Organic Carrots,,,,
,Disodium Succinate,,,,
,Modified Corn starch,,,,
,000 2,,,,
,Vegan Natural Flavors,,,,
,Salt,,,,
,yellow onion,,,,
,Salt,,,,
,Cinnamon,,,,
,DEHYDRATED POTATOES,,,,
,Water,,,,
,Sea Salt,,,,
,Glycerin,,,,
,Safflower?Oil,,,,
,Plum Sauce,,,,
,vegetable mix,,,,
,Reduced Fat Cheddar Cheese,,,,
,Organic Potato Starch,,,,
,Farro,,,,
,Hydrolyzed Wheat Protein,,,,
,Unbleached Enriched Wheat Flour,,,,
,Green Onion Topping  Toasted Sesame Seeds,,,,
,Paprika Extract,,,,
,Water,,,,
,Vegetables,,,,
,Spice,,,,
,Non-Dairy Cocoa Butter),,,,
,Salt,,,,
,Corn Starch,,,,
,Citric Acid),,,,
,Yeast Extract,,,,
,STEVIA,,,,
,Reduced Iron,,,,
,Salt,,,,
,Carrot,,,,
,GARLIC*,,,,
,citric acid and spices)  Sundried Tomato Spread,,,,
Spices,Filtered Water,,Dextrose,Lime Water),Tomato Paste
,Brown Rice Syrup,,,,
Yeast Extract,Citric Acid,microcrystalline cellulose,Smoke Flavor,Sodium Nitrite,Corn Starch
,Plum Sauce,,,,
Peanut,Deep-Fried Tofu,,,,Skim Milk
,TARRAGON*,,,,
,Whole Sorghum Flour,,,,
,Salt,,,,
,Soy Sauce,,,,
Modified Cornstarch  Salt,White Rice,,Sugar,Natural Mesquite Smoke Flavor,Yellow 6
,Green Onion Topping  Toasted Sesame Seeds,,,,
,Sesame Oil,,,,
,Brown Sugar,,,,
,Onion,,,,
,Filtered Water,,,,
,Xanthan Gum,,,,
,Water,,,,
,ORGANIC ROYAL QUINOA FLOUR,,,,
,Non-Alcoholic Natural Chocolate Liquor,,,,
,Brown Rice,,,,
,Disodium Inosinate,,,,
,BAKING POWDER,,,,
,Garlic,,,,
,Turmeric,,,,
,Wheat Gluten,,,,
,White Bean Powder,,,,
,NATURAL FLAVORS,,,,
,STEVIA,,,,
,Citric Acid,,,,
,Cilantro),,,,
,Salt,,,,
,Vegan Chickpea Patty,,,,
,Chickpea Flour,,,,
,Soybeans,,,,
,Vanilla Extract,,,,
,Citric Acid,,,,
Wheat Flour [Bleached,COOKED PINTO BEANS*,,Unbleached Wheat Flour,Salt,Maltodextrin
Corn Starch,Organic Rice Pasta,yeast,Sodium Nitrite,Garlic Rice  Water,Guar Gum
,Water),,,,
,WATER,,,,
,Dry Roasted Almonds,,,,
APPLE CIDER VINEGAR*,TURMERIC,,Salt,Paprika,and/Or High Oleic Sunflower Oil
,Organic Tapioca Starch,,,,
,Lactic Acid,,,,
,Cream of Tartar,,,,
,Hazelnuts,,,,
,Canola Oil,,,,
Potatoes*  Contains Less than 2% of  Carrot Puree,Rice Starch,Serving Size  1 Softgel  Vitamin D3,Sodium Phosphates,Potato Starch,and/Or High Oleic Sunflower Oil
,Sea Salt,,,,
,Folic Acid),,,,
,garlic,,,,
,Jalapeno Peppers),,,,
And Almond Products,COCONUT MILK,Guar Gum,contains less than 2%  Flavorings,Vegetarian Enzymes),Egg And Soy
,Eggs,,,,
Organic Maple Syrup,Iron,,,Paprika,Acesulfame Potassium
,Vinegar Powder,,,,
,Wheat   Manufactured in a facility that processes Milk,,,,
,Carrot),,,,
,sunflower oil,,,,
,Basil,,,,
,Organic Lucuma Powder,,,,
,WHOLE GRAIN BROWN RICE FLOUR,,,,
,Flaxseed,,,,
,Lemon Peel*,,,,
,Guar Gum,,,,
,Vegetables*,,,,
,Glucono Delta-Lactone,,,,
,Brown Rice Syrup Solids,,,,
,PAPRIKA)*,,,,
,Potato Starch,,,,
,Organic Garlic Powder  *Used as a Processing Aid,,,,
,Organic Chia Seed,,,,
,Soy Lecithin,,,,
,Organic Herbs,,,,
,GARLIC*,,,,
,Vanilla Extract,,,,
,Fruit Puree,,,,
,Vegetables*,,,,
,Spinach),,,,
,Organic Cashew Butter,,,,
,canola oil,,,,
,Water,,,,
Water,GARLIC*,,Salt,Cream,Xanthan Gum
,Natural Smoke Flavor,,,,
Yeast Extract,Brown Rice Protein,,Garlic   Contains   Wheat,Masala Sauce  Water,Cream
,Long Grain Rice Flour,,,,
,Soy Sauce*,,,,
,and Caramel Color),,,,
,Pectin,,,,
,Alcohol*),,,,
,Natural Vinegar,,,,
,Natural Flavors,,,,
,organic inulin,,,,
,Water,,,,
,Isolated Soy Protein,,,,
,Coconut Milk,,,,
,Evaporated Can Juice,,,,
,Canola Oil,,,,
Organic Grain Vinegar,Guittard Cocoa Powder,,,Basmati Rice,and B Vitamins
Dairy,000 calorie diet  Your daily values may be higher or lower depending on your calorie needs ; &nbsp; Calories  2,Tapioca Starch,Garlic   Contains   Wheat,Salt,Defatted Soy Flour
Modified Corn Starch,Thiamin HCI,,,,Soy Lecithin
,Glucono Delta-Lactone,,,,
,Miso Powder,,,,
TOMATO PASTE*,WATER,,Corn Syrup,Native Rice Starch,Wheat Gluten
,Organic Celery,,,,
Natural Flavor  MAY CONTAIN  SOY,Sweet Potatoes,,Modified Food Starch,Lime Juice,Salt
,Beans*,,,,
,*Wheat,,,,
,Prebiotic Tapioca Fiber,,,,
,Guar Gum,,,,
,Organic Potato Starch,,,,
Brown Sugar,Sauce Water,,,,
Thiamine Hydrochloride,Seaweed Extract,,,,Salt
,Modified Tapioca Starch,,,,
,Whole Oats,,,,
Soybean Oil,Soup Base  Naturally Brewed Soy Sauce,,,,Enzymes)
Thiamine Mononitrate,OLIVE OIL*,,Matzo Meal,Black Beans,Aspartame
,apple cider vinegar,,,,
,Almonds),,,,
,Less Sodium Soy Sauce,,,,
,Onion,,,,
,GLUTEN FREE OAT FLOUR,,,,
,Vegan Chickpea Patty,,,,
,Corn Masa Flour,,,,
,Salt),,,,
Water,Whole Sorghum Flour,,,,
,High Fructose Corn Syrup,,,,
,Red Bell Peppers,,,,
,Sodium Bicarbonate,,,,
,Rosemary,,,,
,Guittard Cocoa Powder,,,,
,Sodium Bicarbonate,,,,
,Salt,,,,
Spice,Konjac,,Meat and Southern Style Seafood,Cream,Calcium Carbonate
,Potato Starch,,,,
,Brown Sugar,,,,
,Expeller Pressed Canola Oil,,,,
,Salt,,,,
,Organic Palm Oil Shortening,,,,
Organic Tomato Puree,Organic Cane Sugar,,Organic dill weed,Expeller Pressed Canola Oil,Tara)
,Yeast Extract,,,,
Seasoning,Sea Salt,,Yellow Prussiate of Soda,White Pepper,Sea Salt
,Expeller Pressed Canola Oil,,,,
,Filtered Water,,,,
,Whey Powder,,,,
,Onion,,,,
,Seasoning,,,,
,Organic Camu Camu Powder,,,,
,Spices,,,,
,*Alcohol),,,,
,Xanthan Gum,,,,
,Alcohol*),,,,
,Caramel Color,,,,
,Cocoa Butter),,,,
,Contains less than 2% of each of the following  Black Pepper*,,,,
,Lemon Juice Concentrate,,,,
,Yellow Corn Flour,,,,
,Long Grain White Rice,,,,
,Plum,,,,
Tomato Paste,Oat Fiber,,,Water,Pectin
,Unbleached Enriched Wheat Flour,,,,
,Salt,,,,
,Hydrolyzed Soy Protein,,,,
,yellow onion,,,,
,flax seeds,,,,
,Sea Salt,,,,
Natural and Artificial Flavoring,Leavening,,instead of paprika on deviled eggs,Tomato Paste,Less than 2% of  Soybean Oil
,Organic Cracked Black Pepper  This Product Is Made In A Facility That Processes Foods Containing Milk,,,,
Soybean Oil,Organic Corn Starch,Sugar,Salt,Spinach,Calcium Propionate)
,sea salt,,,,
,Salt,,,,
,Cinnamon,,,,
,Disodium Inosinate,,,,
,Tapioca Starch,,,,
,Citric Acid,,,,
,Gluten-Free Flour,,,,
Water,Chickpea Flour,Serving Size  1 Softgel  Vitamin D3,Turkey Breast Meat,Halal beef,Water
,Rice Milk,,,,
,Salt,,,,
,organic high oleic sunflower oil,,,,
,400 mg 2,,,,
Malted Barley Flour],GARLIC*,,Potatoes,Cumin,Acesulfame Potassium
,Shiitake Mushroom),,,,
,Cauliflower,,,,
,Dextrose,,,,
,Water,,,,
,Carbonated Water,,,,
,carrots,,,,
,contains less than 2% of Methylcellulose,,,,
,Rice Vinegar,,,,
,Green Beans,,,,
,Organic Herbs,,,,
,Water,,,,
,APPLE CIDER VINEGAR*,,,,
,SPRING ONION,,,,
,Vitamins and Minerals,,,,
,Dried Cane Syrup,,,,
,Soybean*,,,,
,Yeast Extract,,,,
Organic Onions,Malted Barley Flour,,Aji Panca Chiles,Sea Salt,Soy Lecithin
,Xanthan Gum  *Organic ingredients,,,,
,Yeast Extract,,,,
,Acetic Acid,,,,
,Tahini,,,,
,ORGANIC GREEN TEA,,,,
,Sodium Citrate,,,,
Salt,PARSLEY*,,Extractives of Paprika),Expeller Pressed Canola Oil,Potassium Sorbate
,Tomato Powder,,,,
,Malted Barley Flour,,,,
,Cheese Powder,,,,
,Onion,,,,
,Soy Lecithin,,,,
Cashew,Red Pepper,,,,Natural And Artificial Flavors
,Garlic,,,,
,MODIFIED CELLULOSE,,,,
,flax seeds,,,,
,Thyme,,,,
,SODIUM BICARBONATE,,,,
,Bananas,,,,
,Black Beans,,,,
,Brown Rice,,,,
,Onion,,,,
,Soy Sauce,,,,
Peas*,Maltodextrin,250% Daily Value  Other Ingredients  Extra virgin olive oil,Natural Flavoring,Spinach Powder,Oat Syrup Solids
,Oat Fiber,,,,
,White Rice,,,,
,Modified Tapioca Starch,,,,
,Carrot),,,,
,Peanuts,,,,
,Cocoa Powder,,,,
,Toasted Sesame Seeds,,,,
,Water,,,,
,onions,,,,
,Tocopherols,,,,
,Tomato Powder,,,,
,Cream of Tartar,,,,
,COCOA BUTTER),,,,
,Rice Starch,,,,
,Organic Tomatoes,,,,
,HEMP PROTEIN,,,,
,Soy Sauce,,,,
,Organic Vegetables,,,,
,Pectin,,,,
,Sugar,,,,
,Water,,,,
,Organic Cane Sugar,,,,
Paprika  Contains Soy  Processed In A Plant That Handles Wheat,Organic Garlic Powder  *Used as a Processing Aid,Potato Starch,Annatto Color,Oaxaca Cheese,Wheat Gluten
,Algin,,,,
,SEA SALT,,,,
,Maltodextrin,,,,
,Wheat,,,,
,Vegan Natural Flavors,,,,
,palm oil),,,,
,Leavening,,,,
,orgaic rice bran extract,,,,
,Apple Cider Vinegar*,,,,
,SUNFLOWER OIL,,,,
,Coconut,,,,
,Flax Bread,,,,
,WHOLE ALGAL PROTEIN,,,,
,Medium Grain Rice Flour,,,,
,Organic Sea Salt,,,,
,Evaporated Cane Juice,,,,
,Ginger,,,,
,Oat Fiber,,,,
,Ginger,,,,
,Soy Protein Isolate*,,,,
,Baking Powder,,,,
,olive oil,,,,
,Natural Flavor,,,,
,Bacillus Coagulans GBI-30 6086),,,,
,Tapioca Maltodextrin,,,,
,Shiitake Mushroom*,,,,
,organic cocoa,,,,
,Unsulphured Molasses,,,,
,organic hemp protein,,,,
,Red Bell Peppers,,,,
,Shortening,,,,
,organic stevia,,,,
,Black Beans,,,,
,Soy Protein,,,,
,Sugar,,,,
,Organic Brown Rice,,,,
,Yeast Extract,,,,
,Celery,,,,
,Sesame Seeds,,,,
,Xanthan Gum,,,,
,Sea Salt,,,,
,Caramel Color,,,,
,Sea Salt,,,,
,Sunflower Lecithin  Baked In A Dedicated Gluten-Free Allergy-Friendly Facility,,,,
,Plum,,,,
,Disodium Inosinate,,,,
Iron,ONION*,,100% REAL SALT,Oregano) Black Beans  Water,Fumaric Acid
,Celery,,,,
,Sea Salt,,,,
,Pickles,,,,
,Sugar,,,,
,Unsulphured Molasses,,,,
,HEMP PROTEIN,,,,
GARLIC*,REDMOND'S REAL SALT,,Sugar,Poblano Peppers,Oat Syrup Solids
Salt,Wheat,,,,Monosodium Glutamate
,Rosemary,,,,
,Black Beans,,,,
,Natural Smoke Flavor,,,,
,BLACK CARDAMOM,,,,
,Organic Evaporated Cane Juice,,,,
,Avocado Oil,,,,
,BAKING POWDER,,,,
,Shitake Mushroom,,,,
,Natural Flavor,,,,
,as well as Spanish Beans & Rice dishes,,,,
,Yeast Extract,,,,
,Chocolate Chips,,,,
,UNSWEETENED CHOCOLATE,,,,
,MUSTARD OIL),,,,
,Hydrolyzed Wheat Protein,,,,
,Unbleached Enriched Wheat Flour,,,,
,Onion Powder,,,,
,Tapioca Starch,,,,
,000 calorie diet,,,,
,Natural Flavor,,,,
,organic high oleic sunflower oil,,,,
,sea salt,,,,
,rosemary extract,,,,
,Torula Yeast,,,,
Modified Corn Starch,Oat Fiber,,,,
,Rice,,,,
,Niacin,,,,
Onion,Organic Paprika,Natural Flavor),Marjoram,Expeller Pressed Canola Oil,Riboflavin
,Organic Vegetables,,,,
,Whole Grain Brown Rice,,,,
Wheat,Whole Grain Brown Rice,,Annatto Color,Sea Salt,Sugar
Prepared Beans,Baking Powder,,,,
,Seaweed Extract,,,,
,Palm Oil,,,,
,Dried Onions,,,,
,Wheat   Manufactured in a facility that processes Milk,,,,
,Salt,,,,
,Garlic Powder,,,,
,Sea Salt,,,,
,Onion And Garlic Powder,,,,
,Carrot,,,,
,Organic Green Coffee Powder,,,,
,Mannitol,,,,
,Organic Cane Sugar,,,,
,Vanilla Extract,,,,
,Parsley,,,,
,Cocoa,,,,
,Cream,,,,
,Cornmeal,,,,
,Semi-Sweet Chocolate Chips,,,,
,Salt,,,,
,Potato Starch,,,,
,Soybeans,,,,
,SALT,,,,
,DISTILLED VINEGAR,,,,
Potassium Citrate,Organic Pumpkin Powder,wheat,Salt,Rice,Citric Acid
,organic rice dextrins,,,,
,Water,,,,
,SOY BEANS*)*,,,,
,Blueberry Powder,,,,
,Sea Salt,,,,
,Onion,,,,
Sugar,Monocalcium Phosphate),,,,
,Annatto [color],,,,
,Spices,,,,
,Water,,,,
,organic arabic and/or organic acacia gum,,,,
,Extractives of Paprika,,,,
,000 calorie diet  Your daily values may be higher or lower depending on your calorie needs ; &nbsp; Calories  2,,,,
,*Powdered,,,,
,Almonds),,,,
,Rice Starch,,,,
,Organic Compliant Citric Acid,,,,
,semolina flour,,,,
,Wheat Flour,,,,
,Sugar,,,,
,?Dehydrated Green Bell Pepper,,,,
,Yeast Extract,,,,
,Salt,,,,
,GARLIC*,,,,
,Carbohydrate Gum),,,,
,WATER,,,,
,Corn,,,,
,white pepper,,,,
,Wheat Flour),,,,
,400 mg 2,,,,
,Long Grain White Rice,,,,
,Toppings  Green Onion,,,,
,cloves,,,,
,Soybean),,,,
Organic Garlic,Riboflavin,,,Cane Sugar,Enriched Semolina [Semolina
,sea salt,,,,
,Black Pepper,,,,
,Organic Tomatoes,,,,
,Spinach),,,,
,ground red chili pepper,,,,
,Tapioca),,,,
,Mild Chilies),,,,
,Green Tea Extract,,,,
,Stone Ground Whole Wheat Flour,,,,
,agar agar powder,,,,
,RICE FLOUR,,,,
,Tapioca Flour),,,,
,ground red chili pepper,,,,
,Disodium Guanylate,,,,
Soybean,Bok Choy,,,,Yellow 6)
,FLAX SEED POWDER,,,,
,Grape Juice,,,,
,Organic Cane Sugar,,,,
,nutritional yeast,,,,
,Prebiotic Tapioca Fiber,,,,
,Gardein™  Water,,,,
,Leavening,,,,
,Salt,,,,
,Chocolate Chips,,,,
,Tocopherols,,,,
Salt,Organic Spice,,Salt,Chili Powder,Gelatin
,Salt,,,,
,Water,,,,
,Organic Cane Sugar,,,,
,Salt),,,,
,Onion Powder,,,,
Onion Powder,Noodle  Wheat Flour,,,,
,yellow onion,,,,
,xanthan gum,,,,
,GLUTEN FREE OAT FLOUR,,,,
,Coconut Milk,,,,
,Vanilla Extract,,,,
,Salt),,,,
,Baking Soda,,,,
Less than 2% of  Canola Oil,BLACK PEPPER*,,Caramel Color,Chicken Stock,Preservatives
,Lemon Juice Concentrate,,,,
,Sunflower,,,,
,Sunflower,,,,
,Thiamine Mononitrate,,,,
,Oat Bran,,,,
,Soy Flour,,,,
,Apple Powder,,,,
,sea salt,,,,
,Salt),,,,
,Brown Sugar,,,,
,Water,,,,
Spices,Organic Mustard Powder,Cocoa Butter,Onions,Vitamin D3),Reduced Iron
,organic erythritol,,,,
,Red Pepper,,,,
,Natural Smoke Flavor,,,,
,Organic Paprika,,,,
,Spices and Herbs,,,,
,nutritional yeast,,,,
,Jalapeno Peppers),,,,
,olive oil,,,,
,Bay leaves,,,,
,and Xanthan Gum Sauce  Sugar,,,,
,Yeast Extract,,,,
Onion Powder,Sesame Seed Paste,,,,
,Whey Powder,,,,
,Cocoa Butter),,,,
,Serving Size &nbsp;2 Tbsp,,,,
,Carrots,,,,
,Garlic Powder,,,,
,Soybeans,,,,
,Disodium Inosinate and Disodium Guanylate,,,,
,SPICES*,,,,
,WATER,,,,
,CANE SUGAR*,,,,
,Rice Dextrin,,,,
,salt,,,,
,Water,,,,
,Cream of Tartar,,,,
,Sea Salt,,,,
,HEMP PROTEIN,,,,
,WATER,,,,
,Dried Cane Syrup,,,,
,ONION*,,,,
,Modified Food Starch,,,,
Water,Non-GMO Corn Starch,,,Water)  Chicken  Boneless White Meat Chicken,Inulin
,citric acid,,,,
,Tricalcium Phosphate,,,,
,Soybean*,,,,
,Baking Soda,,,,
,Disodium Guanylate,,,,
,Mandarin and Tangerine Juice Concentrate,,,,
,Soy Lecithin  Contains  Soy,,,,
Seasoning,Dried Cane Sugar,,Turmeric,Cheese Culture,Maltitol Syrup
,Water,,,,
,Palm Oil,,,,
,Vitamin A Acetate,,,,
,Onion Powder,,,,
,Coffee Extract,,,,
,Organic Brown Rice,,,,
,SOYMILK BASE,,,,
,Organic Maca Powder,,,,
,Expeller-Pressed Toasted Sesame Oil*,,,,
Wheat Flour Bleached,Dextrose,glycerin and purified water  These statements have not been evaluated by the Food & Drug Administration  These products are not intended to diagnose,Sodium Ascorbate,Sugar,Salt
,Ground Flaxseed,,,,
,Canola Oil,,,,
,Rice Maltodextrin,,,,
,allspice,,,,
,Citric Acid,,,,
,POTATO),,,,
,Sugar,,,,
,nutritional yeast,,,,
,Expeller Pressed Sunflower Oil,,,,
,sea salt,,,,
,orgaic rice bran extract,,,,
,Garlic,,,,
,Natural Flavor,,,,
,Green Onion Topping  Toasted Sesame Seeds,,,,
,Enzymes,,,,
,semolina flour,,,,
,sundried tomatoes,,,,
,Thiamine Mononitrate,,,,
,Unbleached Enriched Wheat Flour,,,,
,Kelp Extract*,,,,
,Corn Syrup Solids,,,,
,(Vegan)  Filtered Water,,,,
,Celery,,,,
,COCONUT MILK,,,,
,Riboflavin,,,,
,Filtered Water,,,,
,and/or Sunflower*),,,,
,Palm Oil,,,,
,Organic Carrots,,,,
,Natural Flavoring,,,,
,Hydrolyzed Corn Protein,,,,
,Paprika),,,,
,Organic Vinegar,,,,
,SUGAR,,,,
,Chili Pepper Paste,,,,
,Chili Pepper Paste,,,,
,Natural Flavors,,,,
,Sea Salt,,,,
,Garlic,,,,
,Potato Starch,,,,
,Guar Gum,,,,
,Scallion,,,,
,Thyme,,,,
Soy,GINGER   BROWN RICE NOODLES - BROWN RICE,,,,
,Natural Flavors,,,,
,Organic Noodles,,,,
,Canola Oil,,,,
,Deep-Fried Tofu,,,,
,Lecithin,,,,
,Annatto,,,,
,Pea Protein,,,,
,Oregano,,,,
,organic stevia,,,,
,Caramel Color,,,,
,*Organic Sunflower Lecithin),,,,
,sea salt and spices) Allergens   Soy,,,,
,Dehydrated Vegetables,,,,
,Pineapple*,,,,
,RICE FLOUR*,,,,
,Ferrous Sulfate,,,,
,rosemary extract,,,,
Sugar,Sea Salt,,,Pectin),Xanthan Gum
,Natural Flavors,,,,
,Sunflower,,,,
,Dried Garlic,,,,
,Peanuts,,,,
,Organic Sunflower Seed,,,,
,Niacin,,,,
Mustard,Xanthum Gum,,,Ginger,Dried Potatoes
,Yeast Extract,,,,
,BASIL OIL*,,,,
,Plum,,,,
,Rice Meal,,,,
,*Organic Corn Starch,,,,
,DAIRY-FREE,,,,
,*Powdered,,,,
Walnut,400 mg; Total Carb &nbsp; 300 g 375 g; Dietary Fiber &nbsp; 25 g 30 g; Protein &nbsp; 50 g 65 g; Calories per gram  Fat 9&nbsp;&nbsp;&nbsp; · &nbsp;&nbsp;&nbsp;Carbohydrate 4 &nbsp;&nbsp;&nbsp;· &nbsp;&nbsp;&nbsp;Protein 4,Salt,Soy Protein Concentrate,Sea Salt,Garlic Oil  Contains  Wheat
,Silicon Dioxide  Contains Soy and Wheat,,,,
,Potato Starch,,,,
,Chili Paste,,,,
,Salt,,,,
,Pasta,,,,
Corn,Canola Oil,glycerin and purified water  These statements have not been evaluated by the Food & Drug Administration  These products are not intended to diagnose,Salt,olive oil,Wheat Gluten
,maple syrup,,,,
,basil,,,,
,Baking Powder,,,,
,Garlic),,,,
,Salt,,,,
,Noodles,,,,
,Gardein™  Water,,,,
ONION*,TAPIOCA SYRUP*,,Natural Flavoring,Garlic Puree,Whole Wheat Flour
,Niacin,,,,
,Sea Salt,,,,
,And/Or Canola Oil,,,,
,Riboflavin,,,,
,organic guar gum,,,,
,Organic Lentils,,,,
,Garlic,,,,
,Citric Acid,,,,
,Leavening,,,,
Onion Powder,Including Turmeric,Sesame Seeds,Beef,Cooked Beef,Soy Flour
,Including Turmeric,,,,
Autolyzed Yeast,Sea Salt,Chocolate Liquor,Sugar,Whole Milk,Niacin
,Vitamin A Palmitate),,,,
,DILL PICKLE,,,,
,Salt,,,,
,*Molasses,,,,
,Shiitake Mushroom*,,,,
,PARSLEY*,,,,
,Calcium Chloride  *Gluconolactone Is A Non-Dairy Coagulant Derived from Non-Gmo Corn Starch  Contains Soy,,,,
,Rice Flour,,,,
,Green Onion*,,,,
,Canola Oil,,,,
,Baking Soda,,,,
Wheat Protein,WATER,,,,
,Ferrous Sulfate,,,,
,Garlic,,,,
,Distilled Vinegar,,,,
,Iron,,,,
,Konjac Powder,,,,
,Organic Cane Sugar,,,,
,Organic Maca Powder,,,,
,onions,,,,
Spices,and Vitamin B12,,,,Whey
,Fructose,,,,
,Xanthan Gum,,,,
,Salt),,,,
Mustard Bran,Salt),,,,
,Spices,,,,
,Water,,,,
,Brown Sugar,,,,
,Natural Flavor),,,,
Water,Glucono Delta-Lactone,,,,
,Garlic Powder,,,,
,apple cider vinegar,,,,
,Xanthan Gum  *Organic ingredients,,,,
,Jalapeno Peppers,,,,
,natural vegetable color,,,,
,and Caramel Color),,,,
Natural Flavor,Garlic),Brown Rice Flour,Salt,Sea Salt,Water
,Water,,,,
,Organic Mace Spice,,,,
,Garlic Powder,,,,
,*Garlic,,,,
,*Molasses,,,,
,Flour Blend,,,,
,Citric Acid,,,,
,Unbleached Enriched Wheat Flour,,,,
,Enriched Wheat Flour,,,,
,baking soda and spices) Harmless HamTM,,,,
,FLAX SEED,,,,
,Meat and Southern Style Seafood,,,,
,cloves,,,,
,Garlic),,,,
,onions,,,,
,Probiotic,,,,
,Glycerin,,,,
,Evaporated Cane Juice,,,,
,Sea Salt,,,,
,Natural Flavors,,,,
,Modified Tapioca Starch,,,,
,Potato Starch,,,,
,Organic Vegetables,,,,
,000 2,,,,
,UNSWEETENED CHOCOLATE,,,,
,Yeast Extract,,,,
,Whey Powder,,,,
,ORGANIC SUGAR CANE SYRUP,,,,
,white pepper,,,,
Soybean,Iron,,,,
,Gluconolactone*,,,,
,Apple Powder,,,,
,Evaporated Cane Juice,,,,
,Modified Potato Starch,,,,
,NATURAL COCONUT AND VANILLA EXTRACTS,,,,
,Salt,,,,
,Xanthan Gum,,,,
Paprika,Salt,,as well as Spanish Beans & Rice dishes,Garlic Puree,Mono and Diglycerides
,Enzymes,,,,
,Maltodextrin,,,,
Organic Cane Sugar,Unbleached Enriched Wheat Flour,,Ancient Sea Salt,Native Corn Starch,Salt
,Natural Flavor,,,,
,Citric Acid,,,,
,Potato Starch,,,,
,Extractives of Paprika and Turmeric Batter  Water,,,,
,Malted Corn and Barley,,,,
,Vegan Natural Flavors,,,,
,Peanuts,,,,
,Modified Corn Starch,,,,
,Salt,,,,
,Vegetables,,,,
,Serving Size &nbsp;2 Tbsp,,,,
,salt,,,,
,Cream,,,,
,Algin,,,,
,Organic Lucuma Powder,,,,
,Organic Turmeric,,,,
,Citric Acid,,,,
,Black Pepper,,,,
,Ginger,,,,
,Torula Yeast,,,,
,Organic Corn,,,,
,Soybean*,,,,
,Water,,,,
,Salt,,,,
,Glucono Delta-Lactone,,,,
,Natural Flavor,,,,
,Coconut Milk,,,,
,Organic Mustard Powder,,,,
,Wheat Gluten,,,,
,Caramel Color,,,,
,Onion,,,,
,*Soybean,,,,
,Fermented Wheat Flour Paste,,,,
Walnut,Shitake Mushroom,,,,Garlic Powder
,Other Ingredients  Orgain Organic Protein Blend™,,,,
,Yeast Extract,,,,
,LONG GRAIN RICE FLOUR,,,,
,Lactic Acid,,,,
,Dehydrated Parsley,,,,
,Soy,,,,
Distilled White Vinegar,Rice Vinegar,,,,
,Salt,,,,
,Rice,,,,
,Salt,,,,
,SPICES*,,,,
,Modified Corn Starch,,,,
,Citric Acid,,,,
,Natural Flavor),,,,
,Vanilla Extract,,,,
Salt,Niacin,,,Sea Salt,Sugar
,Extractives of Paprika,,,,
,Organic Cane Sugar,,,,
,Onion Powder,,,,
,and Caramel Color),,,,
,Yeast Extract,,,,
,Water,,,,
,Avocado Oil,,,,
,Folic Acid),,,,
,Navy,,,,
,Yeast Extract,,,,
,Iron,,,,
,sea salt,,,,
,Potato Starch  Contains  Milk,,,,
,Organic Flavor,,,,
Tomato Paste,Long Grain Rice Flour,000 IU,Water,salt,Oat Fiber
,Carrot Powder,,,,
,Soy Flour,,,,
,Organic Mustard Seed,,,,
,Natural Smoke Flavor,,,,
,Dried Garlic,,,,
,Probiotic,,,,
,*Onion,,,,
,Yeast Extract,,,,
,Brown Rice Syrup,,,,
,Toasted Sesame Seeds*,,,,
,Unsweetened Natural Cocoa Powder,,,,
,Dehydrated Cilantro,,,,
,Asafetida,,,,
,Limed Pinto Beans,,,,
,Salt,,,,
,Brown Rice,,,,
,Cornmeal,,,,
,Garlic,,,,
,Teff,,,,
,Onion Powder,,,,
,Dried,,,,
,Soy Protein Concentrate,,,,
,Yeast Extract,,,,
,Egg Replacer,,,,
,Vanilla Extract,,,,
,Xanthan Gum,,,,
,Organic Vinegar,,,,
,UNSWEETENED CHOCOLATE,,,,
,NATURAL FLAVORS,,,,
,Pasta,,,,
,Sodium Bicarbonate,,,,
,Filtered Water),,,,
,CAROB POWDER,,,,
,Carrots,,,,
,nutritional yeast,,,,
,Sea Salt,,,,
,expeller pressed canola oil,,,,
,Dried Potato,,,,
,Garlic,,,,
,Thyme),,,,
,maple syrup,,,,
,Yeast Extract,,,,
,Oregano,,,,
,Gluten-Free Flour,,,,
,Salt,,,,
,TOMATO CONCENTRATE*,,,,
Partially Hydrogenated Soybean/Cottonseed Oil,Cream of Tartar,,Mexican food,Non-Fat Yogurt,Dutched Cocoa
,FLAX SEED POWDER,,,,
,Potato Starch,,,,
,Monocalcium Phosphate),,,,
,Tofu*,,,,
,Apple Cider Vinegar*,,,,
,flax seeds,,,,
,Yeast Extract,,,,
,Brown Cane Sugar,,,,
,Niacin,,,,
,Rice Starch,,,,
,Sea Salt,,,,
,BAKING POWDER,,,,
,Spices *Dried,,,,
,Locust Bean Gum,,,,
,evaporated cane juice,,,,
,Soy,,,,
,Vanilla Extract,,,,
,Organic Cane Sugar,,,,
,Kale,,,,
,Sunflower Lecithin,,,,
,Cayenne Pepper,,,,
,Garlic Powder,,,,
,Water),,,,
,Garlic,,,,
,sumac,,,,
,organic natural flavors,,,,
,WHOLE GRAIN BROWN RICE FLOUR,,,,
,NUTRITIONAL YEAST,,,,
,ORGANIC WHITE RICE FLOUR,,,,
,lactic acid,,,,
,Wheat)),,,,
,Expeller Pressed Vegetable Oil,,,,
,GLUTEN FREE OAT FLOUR,,,,
,Wheat)),,,,
,Potato Starch,,,,
,Serving Size  1 oz,,,,
,Riboflavin,,,,
,Guar Gum,,,,
Chile Pepper,Dry Roasted Almonds,,Breadcrumbs,Cilantro,Veggie Chips
,yellow onion,,,,
,Organic Spices),,,,
,Liquid Sugar,,,,
,BLACK SALT,,,,
,Salt,,,,
,Fruit Puree,,,,
,Citric Acid,,,,
,Blueberries,,,,
,evaporated cane juice,,,,
,Salt,,,,
,Soy Sauce Powder,,,,
,Carrots,,,,
,Soybeans,,,,
,Navy Beans,,,,
,Unsweetened Chocolate,,,,
,Oat Fiber,,,,
,Enzymes],,,,
,Sunflower Oil,,,,
,Evaporated Cane Juice,,,,
,Caramel Color,,,,
Peanut,Thiamin Mononitrate,,,,
,canola oil,,,,
,Cinnamon),,,,
,Organic Compliant Citric Acid,,,,
,Garlic,,,,
,HEMP PROTEIN,,,,
,garlic,,,,
,Wheat Gluten,,,,
,Seasoning,,,,
Salt,Organic Tapioca Starch,Semi-Sweet Chocolate Chips,Cottonseed Oil,Water,Enriched Semolina Flour
,Vinegar,,,,
,Vegetables*,,,,
,Non-Dairy Cocoa Butter),,,,
,Tapioca Flour,,,,
,Xanthum Gum,,,,
,CINNAMON,,,,
,Disodium Inosinate,,,,
,chickpea flour,,,,
,Grape Juice,,,,
,Soybeans,,,,
,Safflower,,,,
,TOMATO CONCENTRATE*,,,,
,agar agar powder,,,,
,Navy Beans,,,,
,COCOA BUTTER),,,,
,Vegan Natural Flavors,,,,
,Apple Cider Vinegar,,,,
,Olive Oil,,,,
Mustard Seed,Wheat Flour,,,,
,Organic Raw Almond,,,,
,Tomatoes,,,,
,Organic Mustard Seed,,,,
,Tree Nuts,,,,
,Filtered Water,,,,
,Wheat Flour,,,,
,Water,,,,
Citric Acid,Fruit and Vegetable Juice Powder,Sea Salt,Sodium Lactate,Water,Expeller Pressed Canola Oil
,Teff Flour,,,,
,Citric Acid,,,,
,Sesame Oil,,,,
,Blueberries,,,,
,Guar Gum,,,,
,Leavening,,,,
,Vegetable Glycerin,,,,
,Salt),,,,
,Niacin,,,,
and Natural Flavor,Tapioca Starch,,,,Cheese Culture
,Water,,,,
,Natural Flavor,,,,
,Natural Vanilla Flavor,,,,
,Natural Flavor,,,,
,Baking Soda,,,,
,Salt,,,,
,Organic Turmeric,,,,
,Spices,,,,
,Cabbage,,,,
,Dried Potato,,,,
,Baking Powder,,,,
